"Survived","Age","SibSp","Parch","Fare","Sexfemale","Sexmale","Embarked","EmbarkedC","EmbarkedQ","EmbarkedS","Pclass1","Pclass2","Pclass3"
"0",0.271173661724051,0.125,0,0.11046036834343,0,1,0,0,0,1,0,0,1
"1",0.472229203317416,0.125,0,1,1,0,0,1,0,0,1,0,0
"1",0.321437547122393,0,0,0.120744609534025,1,0,0,0,0,1,0,0,1
"1",0.43453128926866,0.125,0,0.809026973660154,1,0,0,0,0,1,1,0,0
"0",0.43453128926866,0,0,0.122649098643394,0,1,0,0,0,1,0,0,1
"0",0.346569489821563,0,0,0.128869921870239,0,1,0,0,1,0,0,0,1
"0",0.673284744910782,0,0,0.790172531477396,0,1,0,0,0,1,1,0,0
"0",0.0198542347323448,0.375,0.166666666666667,0.321096863839694,0,1,0,0,0,1,0,0,1
"1",0.334003518471978,0,0.333333333333333,0.169625988810746,1,0,0,0,0,1,0,0,1
"1",0.170645890927369,0.125,0,0.458156088880221,1,0,0,1,0,0,0,1,0
"1",0.0449861774315155,0.125,0.166666666666667,0.254439745011762,1,0,0,0,0,1,0,0,1
"1",0.723548630309123,0,0,0.404513486830077,1,0,0,0,0,1,1,0,0
"0",0.246041719024881,0,0,0.122649098643394,0,1,0,0,0,1,0,0,1
"0",0.484795174667002,0.125,0.833333333333333,0.476503175164243,0,1,0,0,0,1,0,0,1
"0",0.170645890927369,0,0,0.119665906902478,1,0,0,0,0,1,0,0,1
"1",0.685850716260367,0,0,0.243774605999293,1,0,0,0,0,1,0,1,0
"0",0.0198542347323448,0.5,0.166666666666667,0.443745962483088,0,1,0,0,1,0,0,0,1
"1",0.346569489821563,0,0,0.198066867374426,0,1,0,0,0,1,0,1,0
"0",0.384267403870319,0.125,0,0.274246431749205,1,0,0,0,0,1,0,0,1
"1",0.346569489821563,0,0,0.110079470521556,1,0,0,1,0,0,0,0,1
"0",0.43453128926866,0,0,0.396133734748851,0,1,0,0,0,1,0,1,0
"1",0.421965317919075,0,0,0.198066867374426,0,1,0,0,0,1,0,1,0
"1",0.183211862276954,0,0,0.122332191655595,1,0,0,0,1,0,0,0,1
"1",0.346569489821563,0,0,0.540874907060931,0,1,0,0,0,1,1,0,0
"0",0.0952500628298567,0.375,0.166666666666667,0.321096863839694,1,0,0,0,0,1,0,0,1
"1",0.472229203317416,0.125,0.833333333333333,0.478217215362676,1,0,0,0,0,1,0,0,1
"0",0.346569489821563,0,0,0.110079470521556,0,1,0,1,0,0,0,0,1
"0",0.233475747675295,0.375,0.333333333333333,1,0,1,0,0,0,1,1,0,0
"1",0.346569489821563,0,0,0.120046804724352,1,0,0,0,1,0,0,0,1
"0",0.346569489821563,0,0,0.120299720878076,0,1,0,0,0,1,0,0,1
"0",0.497361146016587,0,0,0.422351693624075,0,1,0,1,0,0,1,0,0
"1",0.346569489821563,0.125,0,1,1,0,0,1,0,0,1,0,0
"1",0.346569489821563,0,0,0.118078324780908,1,0,0,0,1,0,0,0,1
"0",0.824076401105805,0,0,0.159977085187036,0,1,0,0,0,1,0,1,0
"0",0.346569489821563,0.125,0,1,0,1,0,1,0,0,1,0,0
"0",0.522493088715758,0.125,0,0.792267469497702,0,1,0,0,0,1,1,0,0
"1",0.346569489821563,0,0,0.110143461355631,0,1,0,1,0,0,0,0,1
"0",0.258607690374466,0,0,0.122649098643394,0,1,0,0,0,1,0,0,1
"0",0.22090977632571,0.25,0,0.274246431749205,1,0,0,0,0,1,0,0,1
"1",0.170645890927369,0.125,0,0.171277561766391,1,0,0,1,0,0,0,0,1
"0",0.497361146016587,0.125,0,0.144360274490206,1,0,0,0,0,1,0,0,1
"0",0.334003518471978,0.125,0,0.319954170374072,1,0,0,0,0,1,0,1,0
"0",0.346569489821563,0,0,0.120299720878076,0,1,0,1,0,0,0,0,1
"1",0.0324202060819301,0.125,0.333333333333333,0.633497068610363,1,0,0,1,0,0,0,1,0
"1",0.233475747675295,0,0,0.120046804724352,1,0,0,0,1,0,0,0,1
"0",0.346569489821563,0,0,0.122649098643394,0,1,0,0,0,1,0,0,1
"0",0.346569489821563,0.125,0,0.236156649561815,0,1,0,0,1,0,0,0,1
"1",0.346569489821563,0,0,0.118078324780908,1,0,0,0,1,0,0,0,1
"0",0.346569489821563,0.25,0,0.330302402398742,0,1,0,1,0,0,0,0,1
"0",0.22090977632571,0.125,0,0.271199249174214,1,0,0,0,0,1,0,0,1
"0",0.0826840914802714,0.5,0.166666666666667,0.604675292224809,0,1,0,0,0,1,0,0,1
"0",0.258607690374466,0,0,0.118840120424655,0,1,0,0,0,1,0,0,1
"1",0.610454888162855,0.125,0,1,1,0,0,1,0,0,1,0,0
"1",0.359135461171149,0.125,0,0.396133734748851,1,0,0,0,0,1,0,1,0
"0",0.81151042975622,0,0.166666666666667,0.944309691259462,0,1,0,1,0,0,1,0,0
"1",0.346569489821563,0,0,0.540874907060931,0,1,0,0,0,1,1,0,0
"1",0.258607690374466,0,0,0.159977085187036,1,0,0,0,0,1,0,1,0
"0",0.352852475496356,0,0,0.110143461355631,0,1,0,1,0,0,0,0,1
"1",0.0575521487811008,0.125,0.333333333333333,0.422796582280024,1,0,0,0,0,1,0,1,0
"0",0.132947976878613,0.625,0.333333333333333,0.714564313835428,0,1,0,0,0,1,0,0,1
"0",0.271173661724051,0,0,0.110143461355631,0,1,0,1,0,0,0,0,1
"1",0.472229203317416,0,0,1,1,0,1,0,0,0,1,0,0
"0",0.560191002764514,0.125,0,1,0,1,0,0,0,1,1,0,0
"0",0.0449861774315155,0.375,0.333333333333333,0.425081969211267,0,1,0,0,0,1,0,0,1
"0",0.346569489821563,0,0,0.422351693624075,0,1,0,1,0,0,1,0,0
"1",0.346569489821563,0.125,0.166666666666667,0.232283680509001,0,1,0,1,0,0,0,0,1
"1",0.359135461171149,0,0,0.159977085187036,1,0,0,0,0,1,0,1,0
"0",0.233475747675295,0,0,0.124299148007752,0,1,0,0,0,1,0,0,1
"1",0.208343804976125,0.5,0.333333333333333,0.120744609534025,1,0,0,0,0,1,0,0,1
"0",0.321437547122393,0.25,0,0.131981095279305,0,1,0,0,0,1,0,0,1
"0",0.396833375219904,0,0,0.159977085187036,0,1,0,0,0,1,0,1,0
"0",0.195777833626539,0.625,0.333333333333333,0.714564313835428,1,0,0,0,0,1,0,0,1
"0",0.258607690374466,0,0,1,0,1,0,0,0,1,0,1,0
"0",0.321437547122393,0.125,0,0.220222931877186,0,1,0,1,0,0,0,0,1
"1",0.396833375219904,0,0,0.860765086600929,0,1,0,0,0,1,0,0,1
"0",0.308871575772807,0,0,0.116554733493412,0,1,0,0,0,1,0,0,1
"0",0.346569489821563,0,0,0.120299720878076,0,1,0,0,0,1,0,0,1
"0",0.346569489821563,0,0,0.122649098643394,0,1,0,0,0,1,0,0,1
"1",0.00515204825332998,0,0.333333333333333,0.441841473373719,0,1,0,0,0,1,0,1,0
"1",0.371701432520734,0,0,0.190068013115074,1,0,0,0,0,1,0,0,1
"0",0.271173661724051,0,0,0.137123215874602,0,1,0,0,0,1,0,0,1
"1",0.359135461171149,0,0,0.14474117231208,0,1,0,0,0,1,0,0,1
"1",0.346569489821563,0,0,0.118649671513718,1,0,0,0,1,0,0,0,1
"0",0.346569489821563,0,0,0.717611496410419,0,1,0,0,0,1,1,0,0
"1",0.208343804976125,0,0,0.159977085187036,1,0,0,0,0,1,0,1,0
"1",0.40939934656949,0.375,0,0.24148921906805,1,0,0,0,0,1,0,0,1
"0",0.195777833626539,0.125,0.5,0.523734505076606,0,1,0,0,0,1,0,0,1
"0",0.346569489821563,0,0,0.122649098643394,0,1,0,0,0,1,0,0,1
"1",0.283739633073637,0.375,0.333333333333333,1,1,0,0,0,0,1,1,0,0
"0",0.296305604423222,0,0,0.122649098643394,0,1,0,0,0,1,0,0,1
"0",0.359135461171149,0,0,0.122649098643394,0,1,0,0,0,1,0,0,1
"0",0.246041719024881,0,0,0.119665906902478,0,1,0,0,0,1,0,0,1
"0",0.572756974114099,0.125,0,0.932056970125422,0,1,0,0,0,1,1,0,0
"0",0.321437547122393,0.125,0.333333333333333,0.313478907402216,0,1,0,0,0,1,0,0,1
"0",0.736114601658708,0,0,0.11046036834343,0,1,0,0,0,1,0,0,1
"0",0.346569489821563,0,0,0.122649098643394,0,1,0,0,0,1,0,0,1
"0",0.886906257853732,0,0,0.527988371951294,0,1,0,1,0,0,1,0,0
"1",0.283739633073637,0,0.166666666666667,0.965321538705313,0,1,0,1,0,0,1,0,0
"1",0.421965317919075,0,0.166666666666667,0.350425996123984,1,0,0,0,0,1,0,1,0
"0",0.421965317919075,0.125,0,0.396133734748851,0,1,0,0,0,1,0,1,0
"0",0.346569489821563,0,0,0.120299720878076,1,0,0,0,0,1,0,0,1
"0",0.346569489821563,0,0,0.120299720878076,0,1,0,0,0,1,0,0,1
"0",0.258607690374466,0,0.166666666666667,1,0,1,0,0,0,1,1,0,0
"0",0.40939934656949,0,0,0.131854637202443,0,1,0,0,0,1,0,0,1
"0",0.459663231967831,0.25,0,0.120744609534025,0,1,0,0,0,1,0,0,1
"0",0.346569489821563,0,0,0.120299720878076,0,1,0,0,0,1,0,0,1
"1",0.258607690374466,0,0,0.116554733493412,1,0,0,0,0,1,0,0,1
"1",0.346569489821563,0,0,0.118459222602781,0,1,0,0,0,1,0,0,1
"0",0.472229203317416,0,0,0.120299720878076,0,1,0,0,0,1,0,0,1
"1",0.346569489821563,0.125,0,0.367947295930183,1,0,0,0,1,0,0,0,1
"0",0.585322945463684,0,0,0.792267469497702,0,1,0,0,0,1,1,0,0
"0",0.176928876602161,0.125,0,0.220222931877186,1,0,0,1,0,0,0,0,1
"0",0.271173661724051,0,0,0.122649098643394,0,1,0,0,0,1,0,0,1
"0",0.246041719024881,0.125,0,0.149692843996441,1,0,0,0,0,1,0,0,1
"0",0.208343804976125,0,0,0.220285399119974,1,0,0,1,0,0,0,0,1
"0",0.258607690374466,0,0,0.120744609534025,0,1,0,0,0,1,0,0,1
"0",0.880623272178939,0,0,0.118078324780908,0,1,0,0,1,0,0,0,1
"0",0.359135461171149,0.125,0,0.319954170374072,0,1,0,0,0,1,0,1,0
"0",0.296305604423222,0,0.166666666666667,1,0,1,0,1,0,0,1,0,0
"0",0.0198542347323448,0.5,0.333333333333333,0.476503175164243,1,0,0,0,0,1,0,0,1
"0",0.258607690374466,0.25,0,1,0,1,0,0,0,1,0,1,0
"0",0.346569489821563,0,0,0.122649098643394,0,1,0,0,0,1,0,0,1
"0",0.403116360894697,0.125,0,0.458156088880221,0,1,0,1,0,0,0,1,0
"1",0.403116360894697,0,0,0.198066867374426,1,0,0,0,0,1,0,1,0
"0",0.673284744910782,0,0.166666666666667,1,0,1,0,0,0,1,1,0,0
"1",0.145513948228198,0.125,0,0.171277561766391,0,1,0,1,0,0,0,0,1
"0",0.346569489821563,0,0,0.118078324780908,0,1,0,0,1,0,0,0,1
"1",0.296305604423222,0,0,0.108810318979072,0,1,0,0,0,1,0,0,1
"1",0.346569489821563,0.125,0.166666666666667,0.340649110832125,1,0,0,1,0,0,0,0,1
"0",0.560191002764514,0,0,0.106270492302817,0,1,0,0,0,1,0,0,1
"0",0.40939934656949,0,0,0.120299720878076,0,1,0,1,0,0,0,0,1
"0",0.246041719024881,0,0,0.107413185768439,0,1,0,0,0,1,0,0,1
"0",0.585322945463684,0.125,0,0.220920736686859,1,0,0,0,0,1,0,0,1
"1",0.359135461171149,0.125,0,0.396133734748851,1,0,0,0,0,1,0,1,0
"0",0.308871575772807,0,0,0.198066867374426,0,1,0,0,0,1,0,1,0
"0",0.283739633073637,0,0,0.22923649793401,0,1,0,1,0,0,0,1,0
"1",0.233475747675295,0,0.333333333333333,0.400450068866326,1,0,0,0,0,1,1,0,0
"0",0.459663231967831,0.125,0,0.809026973660154,0,1,0,0,0,1,1,0,0
"0",0.195777833626539,0,0,0.140424838194605,0,1,0,0,0,1,0,0,1
"0",0.296305604423222,0,0,1,0,1,0,1,0,0,1,0,0
"0",0.346569489821563,0,0.333333333333333,0.232283680509001,1,0,0,1,0,0,0,0,1
"1",0.271173661724051,0,0,0.118078324780908,1,0,0,0,0,1,0,0,1
"1",0.296305604423222,0.125,0,0.24148921906805,1,0,0,0,0,1,0,0,1
"0",0.233475747675295,0,0,0.102842411905952,0,1,0,0,1,0,0,0,1
"0",0.22090977632571,0,0,0.175212998061992,0,1,0,0,0,1,0,1,0
"0",0.233475747675295,0.125,0.166666666666667,0.559919798154626,0,1,0,0,0,1,0,1,0
"1",0.334003518471978,0,0,0.118776129590581,0,1,0,0,0,1,0,0,1
"0",0.107816034179442,0.25,0.333333333333333,0.523734505076606,1,0,0,0,0,1,0,0,1
"0",0.453380246293038,0,0.333333333333333,0.396133734748851,0,1,0,0,0,1,0,1,0
"0",0.522493088715758,0,0,0.198066867374426,0,1,0,0,0,1,0,1,0
"0",0.635586830862026,0,0,0.190829808758822,0,1,0,0,0,1,0,1,0
"1",0.271173661724051,0.125,0,1,1,0,0,0,0,1,1,0,0
"0",0.69213370193516,0,0,0.122649098643394,0,1,0,0,0,1,0,0,1
"0",0.50364413169138,0,0.333333333333333,0.220920736686859,0,1,0,0,0,1,0,0,1
"0",0.346569489821563,0,0,0.111412612898114,0,1,0,0,0,1,0,0,1
"0",0.635586830862026,0,0.166666666666667,0.935168143534488,0,1,0,1,0,0,1,0,0
"1",0.195777833626539,0,0,0.117823885035896,1,0,0,0,1,0,0,0,1
"0",0.371701432520734,0,0,0.122649098643394,0,1,0,0,0,1,0,0,1
"0",0.346569489821563,0,0,0.131981095279305,0,1,0,0,0,1,0,0,1
"0",0.346569489821563,1,0.333333333333333,1,0,1,0,0,0,1,0,0,1
"0",0.547625031414928,0,0.166666666666667,0.245298197286789,0,1,0,0,0,1,0,0,1
"1",0.497361146016587,0,0,0.239965627780554,1,0,0,0,0,1,0,1,0
"0",0.321437547122393,0,0,0.118459222602781,0,1,0,0,0,1,0,0,1
"0",0.208343804976125,0,0,0.131981095279305,0,1,0,0,0,1,0,0,1
"0",0.00728826338275949,0.5,0.166666666666667,0.604675292224809,0,1,0,0,0,1,0,0,1
"1",0.107816034179442,0,0.333333333333333,0.312717111758468,0,1,0,0,0,1,0,0,1
"1",0.346569489821563,0,0.166666666666667,0.83797520812257,1,0,0,0,0,1,1,0,0
"0",0.560191002764514,0.125,0.666666666666667,0.425081969211267,1,0,0,0,0,1,0,0,1
"0",0.346569489821563,0,0,0.39499104128323,0,1,0,0,0,1,1,0,0
"0",0.346569489821563,0,0,0.860765086600929,0,1,0,0,0,1,0,0,1
"0",0.761246544357879,0,0,0.51040308131102,0,1,0,0,0,1,1,0,0
"0",0.0449861774315155,0.5,0.166666666666667,0.443745962483088,0,1,0,0,1,0,0,0,1
"1",0.00728826338275949,0.125,0.166666666666667,0.169625988810746,1,0,0,0,0,1,0,0,1
"0",0.258607690374466,0,0,0.120744609534025,0,1,0,0,0,1,0,0,1
"0",0.698416687609952,0,0,0.467678534427069,0,1,0,1,0,0,1,0,0
"0",0.22090977632571,0.125,0.166666666666667,0.119665906902478,0,1,0,0,0,1,0,0,1
"0",0.346569489821563,0.375,0.166666666666667,0.388008422412637,0,1,0,0,0,1,0,0,1
"0",0.62302085951244,0,0,0.437461148422169,1,0,0,1,0,0,1,0,0
"0",0.371701432520734,0,0,0.198066867374426,0,1,0,0,0,1,0,1,0
"0",0.447097260618246,0,0,0,0,1,0,0,0,1,0,0,1
"0",0.346569489821563,1,0.333333333333333,1,1,0,0,0,0,1,0,0,1
"0",0.346569489821563,0,0,0.229300488768085,0,1,0,1,0,0,0,1,0
"0",0.107816034179442,0.5,0.333333333333333,0.478217215362676,0,1,0,0,0,1,0,0,1
"1",0.00728826338275949,0.25,0.166666666666667,0.594200602123277,0,1,0,0,0,1,0,1,0
"1",0.0449861774315155,0,0.333333333333333,0.335570981070902,1,0,0,0,0,1,0,0,1
"0",0.346569489821563,0,0,0.761795643747791,0,1,0,0,0,1,1,0,0
"1",0.346569489821563,0.125,0,0.236156649561815,1,0,0,0,1,0,0,0,1
"1",0.560191002764514,0,0,0.404513486830077,0,1,0,0,0,1,1,0,0
"0",0.497361146016587,0.125,0.166666666666667,0.236156649561815,0,1,0,0,1,0,0,0,1
"0",0.447097260618246,0,0,0.120299720878076,0,1,0,0,0,1,0,0,1
"1",0.396833375219904,0,0,0.198066867374426,1,0,0,0,0,1,0,1,0
"0",0.233475747675295,0,0,0.198066867374426,0,1,0,0,0,1,0,1,0
"1",0.233475747675295,0.125,0,0.119665906902478,1,0,0,0,0,1,0,0,1
"1",0.0324202060819301,0.125,0.166666666666667,0.396133734748851,0,1,0,0,0,1,0,1,0
"1",0.547625031414928,0,0,0.422351693624075,1,0,0,1,0,0,1,0,0
"1",0.723548630309123,0,0,1,1,0,0,1,0,0,1,0,0
"0",0.346569489821563,0,0,0.118078324780908,0,1,0,0,1,0,0,0,1
"0",0.522493088715758,0,0.166666666666667,0.128045658983704,0,1,0,0,0,1,0,0,1
"1",0.346569489821563,0,0,0.118078324780908,1,0,0,0,1,0,0,0,1
"0",0.296305604423222,0,0,0.198066867374426,1,0,0,0,0,1,0,1,0
"0",0.346569489821563,0,0,0.14474117231208,0,1,0,0,0,1,0,0,1
"0",0.346569489821563,1,0.333333333333333,1,0,1,0,0,0,1,0,0,1
"0",0.421965317919075,0,0,0.098969442853138,0,1,0,0,0,1,0,0,1
"0",0.566473988439306,0,0,0.110079470521556,0,1,0,1,0,0,0,0,1
"1",0.22090977632571,0,0,0.122649098643394,0,1,0,0,0,1,0,0,1
"0",0.0198542347323448,0,0.166666666666667,0.159405738454225,1,0,0,0,0,1,0,0,1
"0",0.396833375219904,0.125,0,0.24148921906805,0,1,0,0,0,1,0,0,1
"1",0.321437547122393,0,0,0.286244713138232,0,1,0,1,0,0,0,0,1
"1",0.195777833626539,0,0,0.118078324780908,1,0,0,0,1,0,0,0,1
"1",0.497361146016587,0,0,0.47231329912363,0,1,0,1,0,0,1,0,0
"0",0.296305604423222,0,0,0.107413185768439,0,1,0,0,0,1,0,0,1
"1",0.43453128926866,0,0,0.319954170374072,1,0,0,0,0,1,0,1,0
"0",0.271173661724051,0,0,0.11046036834343,0,1,0,0,0,1,0,0,1
"0",0.371701432520734,0,0,0.198066867374426,0,1,0,0,0,1,0,1,0
"0",0.346569489821563,0.125,0,0.118078324780908,0,1,0,0,1,0,0,0,1
"1",0.384267403870319,0.125,0,1,1,0,0,1,0,0,1,0,0
"1",0.334003518471978,0,0,0.120744609534025,1,0,0,0,0,1,0,0,1
"0",0.522493088715758,0.125,0,0.411369647623807,0,1,0,0,0,1,0,1,0
"1",0.396833375219904,0,0,1,1,0,0,1,0,0,1,0,0
"0",0.371701432520734,0,0,0.159977085187036,0,1,0,0,0,1,0,1,0
"1",0.195777833626539,0,0,0.122649098643394,0,1,0,0,0,1,0,0,1
"0",0.334003518471978,0,0,0.198066867374426,0,1,0,0,0,1,0,1,0
"0",0.635586830862026,0,0,0.122649098643394,0,1,0,0,0,1,0,0,1
"0",0.346569489821563,0,0,0.120299720878076,0,1,0,0,0,1,0,0,1
"1",0.472229203317416,0.125,0,1,0,1,0,0,0,1,1,0,0
"0",0.271173661724051,0,0,0.142455785380837,0,1,0,0,0,1,0,0,1
"1",0.233475747675295,0,0,0.159977085187036,0,1,0,0,0,1,0,1,0
"0",0.252324704699673,0,0,0.11046036834343,0,1,0,0,0,1,0,0,1
"0",0.22090977632571,0,0,0.198066867374426,0,1,0,0,0,1,0,1,0
"0",0.346569489821563,0.375,0.166666666666667,0.388008422412637,1,0,0,0,0,1,0,0,1
"1",0.43453128926866,0.125,0,1,1,0,0,0,0,1,1,0,0
"0",0.359135461171149,0,0,0.118459222602781,0,1,0,0,0,1,0,0,1
"0",0.736114601658708,0,0,0.205684823811904,0,1,0,0,0,1,0,1,0
"1",0.0575521487811008,0.5,0.333333333333333,0.478217215362676,1,0,0,0,0,1,0,0,1
"0",0.296305604423222,0,0,0.159977085187036,0,1,0,0,0,1,0,1,0
"0",0.346569489821563,0,0,0.115031142205916,1,0,0,0,0,1,0,0,1
"0",0.547625031414928,0.125,0,0.396133734748851,0,1,0,0,0,1,0,1,0
"1",0.0952500628298567,0,0.333333333333333,0.39994271296759,1,0,0,0,0,1,0,1,0
"0",0.233475747675295,0,0,0.159977085187036,0,1,0,0,0,1,0,1,0
"0",0.40939934656949,0,0,0.187020830540083,0,1,0,0,0,1,0,1,0
"0",0.346569489821563,0.125,0,0.220222931877186,1,0,0,1,0,0,0,0,1
"1",0.346569489821563,0.125,0,0.236156649561815,1,0,0,0,1,0,0,0,1
"0",0.359135461171149,0,0,0.159977085187036,0,1,0,0,0,1,0,1,0
"0",0.271173661724051,0,0,0.10855587923406,0,1,0,0,0,1,0,0,1
"0",0.371701432520734,0,0,0.110079470521556,0,1,0,1,0,0,0,0,1
"0",0.547625031414928,0.25,0,1,0,1,0,0,1,0,1,0,0
"0",0.308871575772807,0,0,0.118459222602781,1,0,0,0,0,1,0,0,1
"1",0.296305604423222,0,0.333333333333333,0.220920736686859,1,0,0,0,0,1,0,1,0
"1",0.459663231967831,0.125,0.166666666666667,0.800711212413003,0,1,0,0,0,1,1,0,0
"0",0.673284744910782,0.125,0,0.396133734748851,0,1,0,0,0,1,0,1,0
"0",0.346569489821563,0,0,0.11046036834343,0,1,0,0,0,1,0,0,1
"0",0.359135461171149,0.125,0.166666666666667,0.159405738454225,1,0,0,0,0,1,0,0,1
"0",0.773812515707464,0,0,0.404513486830077,0,1,0,0,0,1,1,0,0
"0",0.371701432520734,0.125,0,0.245298197286789,0,1,0,0,0,1,0,0,1
"0",0.509927117366172,0,0.333333333333333,0.307955888985044,1,0,0,0,0,1,0,0,1
"1",0.359135461171149,0,0.333333333333333,0.232283680509001,1,0,0,1,0,0,0,0,1
"1",0.346569489821563,0,0,1,1,0,0,1,0,0,1,0,0
"1",0.371701432520734,0,0,1,1,0,0,0,0,1,1,0,0
"1",0.43453128926866,0,0,1,1,0,0,1,0,0,1,0,0
"1",0.62302085951244,0,0.166666666666667,0.396133734748851,1,0,0,0,0,1,0,1,0
"0",0.346569489821563,0,0,0.118078324780908,0,1,0,0,1,0,0,0,1
"1",0.0324202060819301,0.5,0.333333333333333,0.478217215362676,0,1,0,0,0,1,0,0,1
"0",0.648152802211611,0.125,0.166666666666667,1,0,1,0,0,0,1,1,0,0
"0",0.497361146016587,0,0,0,0,1,0,0,0,1,1,0,0
"0",0.346569489821563,0,0,0.118078324780908,1,0,0,0,1,0,0,0,1
"0",0.447097260618246,0,0,0.159977085187036,0,1,0,0,0,1,0,1,0
"0",0.195777833626539,0.5,0.166666666666667,0.604675292224809,0,1,0,0,0,1,0,0,1
"1",0.308871575772807,0.125,0,0.118459222602781,0,1,0,0,0,1,0,0,1
"1",0.723548630309123,0,0.166666666666667,1,1,0,0,0,0,1,1,0,0
"1",0.43453128926866,0,0,1,1,0,0,0,0,1,1,0,0
"0",0.346569489821563,0,0,0.47231329912363,0,1,0,0,0,1,1,0,0
"1",0.308871575772807,0,0,0,0,1,0,0,0,1,0,0,1
"1",0.509927117366172,0,0.166666666666667,0.297100301061638,1,0,0,0,0,1,0,1,0
"0",0.459663231967831,0,0.166666666666667,0.452506612386188,0,1,0,1,0,0,1,0,0
"1",0.346569489821563,0,0,0.118078324780908,1,0,0,0,1,0,0,0,1
"1",0.786378487057049,0.125,0,1,1,0,0,0,0,1,1,0,0
"0",0.560191002764514,0,0,0.118078324780908,1,0,0,0,0,1,0,0,1
"0",0.346569489821563,0,0,0,0,1,0,0,0,1,0,1,0
"0",0.0826840914802714,0.5,0.166666666666667,0.443745962483088,0,1,0,0,1,0,0,0,1
"1",0.43453128926866,0.125,0.166666666666667,0.308527235717855,1,0,0,0,0,1,0,0,1
"0",0.81151042975622,0,0,0.118078324780908,0,1,0,0,1,0,0,0,1
"0",0.346569489821563,0,0,0.119665906902478,0,1,0,0,0,1,0,0,1
"0",0.195777833626539,0,0,0.14474117231208,0,1,0,0,0,1,0,0,1
"1",0.233475747675295,0,0,0.122649098643394,0,1,0,0,0,1,0,0,1
"0",0.346569489821563,0,0,0.396133734748851,0,1,0,0,0,1,1,0,0
"0",0.40939934656949,0,0,0.131981095279305,0,1,0,1,0,0,0,0,1
"1",0.371701432520734,0,0,0.14474117231208,0,1,0,0,0,1,0,0,1
"0",0.271173661724051,0,0,0.120299720878076,0,1,0,0,0,1,0,0,1
"1",0.522493088715758,0,0,0.198066867374426,0,1,0,0,0,1,0,1,0
"1",0.271173661724051,0,0,0.118078324780908,1,0,0,0,1,0,0,0,1
"1",0.321437547122393,0,0,1,1,0,0,0,0,1,1,0,0
"1",0.233475747675295,0.125,0,1,1,0,0,1,0,0,1,0,0
"0",0.447097260618246,0,0,0.196162378265056,0,1,0,1,0,0,0,1,0
"0",0.296305604423222,0,0,0.134837828943359,1,0,0,0,0,1,0,0,1
"0",0.296305604423222,0,0,0.120299720878076,0,1,0,0,0,1,0,0,1
"0",0.346569489821563,0,0,0.422351693624075,0,1,0,1,0,0,1,0,0
"0",0.290022618748429,0,0,0.110143461355631,0,1,0,1,0,0,0,0,1
"0",0.0198542347323448,0.125,0.333333333333333,1,1,0,0,0,0,1,1,0,0
"1",0.346569489821563,0,0,0.464695342686152,0,1,0,0,0,1,1,0,0
"1",0.62302085951244,0,0.166666666666667,1,1,0,0,1,0,0,1,0,0
"1",0.346569489821563,0,0,0.118078324780908,1,0,0,0,1,0,0,0,1
"1",0.346569489821563,0.25,0,0.354234974342723,0,1,0,0,1,0,0,0,1
"0",0.233475747675295,0,0,0,0,1,0,0,0,1,0,0,1
"1",0.346569489821563,0,0,0.188163524005704,1,0,0,0,1,0,0,1,0
"0",0.346569489821563,0,0,0.122649098643394,0,1,0,0,0,1,0,0,1
"1",0.00628298567479266,0.125,0.333333333333333,1,0,1,0,0,0,1,1,0,0
"1",0.346569489821563,0,0,1,1,0,0,1,0,0,1,0,0
"1",0.208343804976125,0.125,0,1,1,0,0,1,0,0,1,0,0
"0",0.371701432520734,0.125,0,0.36566190899894,0,1,0,1,0,0,0,1,0
"1",0.371701432520734,0,0,0.867368331240935,1,0,0,1,0,0,1,0,0
"1",0.296305604423222,0,0,1,1,0,0,1,0,0,1,0,0
"1",0.22090977632571,0.25,0.333333333333333,1,1,0,0,1,0,0,1,0,0
"0",0.321437547122393,0.125,0.166666666666667,0.396133734748851,1,0,0,0,0,1,0,1,0
"0",0.346569489821563,0,0,0.120299720878076,0,1,0,0,0,1,0,0,1
"0",0.535059060065343,0.125,0.166666666666667,0.39994271296759,0,1,0,0,0,1,0,1,0
"1",0.321437547122393,0,0,0.119665906902478,1,0,0,0,0,1,0,0,1
"1",0.296305604423222,0.125,0,0.396133734748851,1,0,0,0,0,1,0,1,0
"0",0.673284744910782,0,0,0.213302780249381,0,1,0,0,0,1,0,1,0
"1",0.384267403870319,0,0.333333333333333,1,1,0,0,0,0,1,1,0,0
"1",0.497361146016587,0.125,0.166666666666667,1,1,0,0,1,0,0,1,0,0
"0",0.271173661724051,0,0,0.11046036834343,0,1,0,0,0,1,0,0,1
"0",0.334003518471978,0,0,0.120299720878076,0,1,0,0,0,1,0,0,1
"1",0.371701432520734,0,0,0.188163524005704,1,0,0,0,1,0,0,1,0
"1",0.271173661724051,0.125,0.166666666666667,0.441841473373719,1,0,0,0,0,1,0,1,0
"0",0.346569489821563,1,0.333333333333333,1,0,1,0,0,0,1,0,0,1
"1",0.447097260618246,0,0,1,1,0,0,1,0,0,1,0,0
"0",0.761246544357879,0,0,0.0950340065575369,0,1,0,0,0,1,0,0,1
"1",0.447097260618246,0,0,0.198066867374426,1,0,0,0,0,1,0,1,0
"1",0.384267403870319,0.125,0.166666666666667,0.312717111758468,1,0,0,0,0,1,0,0,1
"1",0.195777833626539,0,0.166666666666667,0.883366039759638,1,0,0,1,0,0,1,0,0
"1",0.346569489821563,0.25,0,0.354234974342723,1,0,0,0,1,0,0,0,1
"0",0.566473988439306,0,0,0.434223516936241,0,1,0,0,0,1,1,0,0
"0",0.472229203317416,0,0.166666666666667,1,0,1,0,0,0,1,1,0,0
"0",0.195777833626539,0.25,0,0.274246431749205,0,1,0,0,0,1,0,0,1
"1",0.346569489821563,0.125,0,1,1,0,0,0,0,1,1,0,0
"0",0.346569489821563,0,0,0.120299720878076,0,1,0,0,0,1,0,0,1
"0",0.359135461171149,0.125,0,1,0,1,0,0,0,1,1,0,0
"1",0.509927117366172,0,0,1,1,0,0,1,0,0,1,0,0
"1",0.560191002764514,0,0,0.122649098643394,0,1,0,0,0,1,0,0,1
"0",0.560191002764514,0,0,0.540874907060931,0,1,0,0,0,1,1,0,0
"1",0.0198542347323448,0.125,0.166666666666667,0.396133734748851,0,1,0,0,0,1,0,1,0
"1",0.296305604423222,0.375,0.333333333333333,1,1,0,0,0,0,1,1,0,0
"0",0.346569489821563,0,0,0.198066867374426,0,1,0,0,0,1,0,1,0
"0",0.308871575772807,0,0,0.198066867374426,0,1,0,0,0,1,0,1,0
"0",0.447097260618246,0,0,0.198066867374426,0,1,0,0,0,1,0,1,0
"1",0.296305604423222,0,0,0.198066867374426,1,0,0,0,0,1,0,1,0
"1",0.497361146016587,0,0,0.198066867374426,1,0,0,0,0,1,0,1,0
"1",0.346569489821563,0.125,0,0.245298197286789,1,0,0,0,0,1,0,0,1
"1",0.0324202060819301,0.125,0.166666666666667,0.242251014711797,0,1,0,0,0,1,0,0,1
"0",0.522493088715758,0,0,0.131981095279305,0,1,0,0,0,1,0,0,1
"0",0.283739633073637,0,0,0.140551296271467,0,1,0,0,0,1,0,0,1
"0",0.346569489821563,0,0,0.533256950623454,0,1,0,0,0,1,1,0,0
"0",0.183211862276954,0.125,0.166666666666667,0.110143461355631,0,1,0,1,0,0,0,0,1
"0",0.308871575772807,0.125,0,0.271199249174214,0,1,0,0,0,1,0,0,1
"0",0.346569489821563,0,0,0.110079470521556,0,1,0,1,0,0,0,0,1
"0",0.346569489821563,0,0,0.14474117231208,0,1,0,0,0,1,0,0,1
"1",0.271173661724051,0,0.166666666666667,0.83797520812257,1,0,0,0,0,1,1,0,0
"0",0.472229203317416,0,0,0.198066867374426,1,0,0,0,0,1,0,1,0
"1",0.346569489821563,0,0,0.120046804724352,1,0,0,0,1,0,0,0,1
"1",0.346569489821563,0,0,0.120046804724352,1,0,0,0,1,0,0,0,1
"0",0.497361146016587,0.125,0.666666666666667,0.425081969211267,0,1,0,0,0,1,0,0,1
"0",0.359135461171149,0.125,0,0.422351693624075,0,1,0,1,0,0,0,1,0
"0",0.560191002764514,0,0.166666666666667,0.220222931877186,1,0,0,1,0,0,0,0,1
"0",0.43453128926866,0,0,0.107413185768439,0,1,0,0,0,1,0,0,1
"0",0.346569489821563,0.125,0,0.236156649561815,0,1,0,0,1,0,0,0,1
"0",0.371701432520734,0,0,0.11046036834343,0,1,0,0,0,1,0,0,1
"1",0.748680573008293,0.125,0,1,1,0,0,1,0,0,1,0,0
"1",0.346569489821563,0,0,0.110143461355631,1,0,0,1,0,0,0,0,1
"1",0.346569489821563,0,0,0.118078324780908,1,0,0,0,1,0,0,0,1
"1",0.296305604423222,0,0,1,1,0,0,1,0,0,1,0,0
"1",0.308871575772807,0.125,0,0.844704910839438,0,1,0,1,0,0,1,0,0
"0",0.22090977632571,0.125,0,0.098969442853138,0,1,0,0,0,1,0,0,1
"0",0.233475747675295,0,0,0.122649098643394,0,1,0,0,0,1,0,0,1
"0",0.271173661724051,0,0,1,0,1,0,1,0,0,1,0,0
"0",0.0324202060819301,0.375,0.166666666666667,0.321096863839694,1,0,0,0,0,1,0,0,1
"1",0.346569489821563,0.125,0,1,1,0,0,1,0,0,1,0,0
"1",0.271173661724051,0,0,0.11046036834343,1,0,0,0,0,1,0,0,1
"0",0.334003518471978,0,0.333333333333333,1,0,1,0,1,0,0,1,0,0
"0",0.246041719024881,0,0,0.0611341004107602,0,1,0,1,0,0,0,0,1
"0",0.233475747675295,0,0,0.118459222602781,0,1,0,0,0,1,0,0,1
"1",0.522493088715758,0,0,1,1,0,0,1,0,0,1,0,0
"1",0.00728826338275949,0,0.333333333333333,0.239839169703692,1,0,0,1,0,0,0,0,1
"0",0.396833375219904,0,0,0.120744609534025,0,1,0,0,0,1,0,0,1
"1",0.43453128926866,0.125,0,0.792267469497702,1,0,0,0,0,1,1,0,0
"0",0.346569489821563,0,0,0.120299720878076,0,1,0,0,0,1,0,0,1
"0",0.22090977632571,0,0,1,0,1,0,0,0,1,0,1,0
"0",0.00728826338275949,0.625,0.333333333333333,0.714564313835428,0,1,0,0,0,1,0,0,1
"1",0.447097260618246,0,0,0.198066867374426,1,0,0,0,0,1,0,1,0
"0",0.346569489821563,0,0,0.117761417793108,0,1,0,0,1,0,0,0,1
"1",0.208343804976125,0,0,0.18283095449947,1,0,0,1,0,0,0,1,0
"1",0.447097260618246,0.125,0.333333333333333,1,0,1,0,0,0,1,1,0,0
"1",0.258607690374466,0,0,0.118776129590581,0,1,0,0,0,1,0,0,1
"0",0.346569489821563,0.25,0,0.120744609534025,0,1,0,0,0,1,0,0,1
"1",0.283739633073637,0.125,0,1,1,0,0,1,0,0,1,0,0
"1",0.296305604423222,0,0.333333333333333,0.254439745011762,1,0,0,0,0,1,0,0,1
"0",0.271173661724051,0,0,0.118776129590581,0,1,0,0,0,1,0,0,1
"0",0.384267403870319,0,0,0.119665906902478,1,0,0,0,0,1,0,0,1
"0",0.572756974114099,0,0,0.396133734748851,0,1,0,0,0,1,0,1,0
"0",0.283739633073637,0,0,0.159977085187036,0,1,0,0,0,1,0,1,0
"1",0.346569489821563,0,0,0.192734297868191,1,0,0,0,0,1,0,1,0
"1",0.484795174667002,0,0,0.120744609534025,0,1,0,0,0,1,0,0,1
"0",0.321437547122393,0,0,0.122649098643394,0,1,0,0,0,1,0,0,1
"0",0.258607690374466,0.125,0,0.149692843996441,1,0,0,0,0,1,0,0,1
"0",0.346569489821563,0.125,0,0.24148921906805,0,1,0,0,0,1,0,0,1
"0",0.246041719024881,0,0,0.131981095279305,1,0,0,0,0,1,0,0,1
"0",0.421965317919075,0.125,0,0.319954170374072,0,1,0,0,0,1,0,1,0
"0",0.635586830862026,0,0,0.118078324780908,0,1,0,0,0,1,0,0,1
"1",0.0324202060819301,0.125,0.166666666666667,0.285673366405422,0,1,0,0,0,1,0,1,0
"0",0.258607690374466,0,0,0.118459222602781,0,1,0,0,0,1,0,0,1
"0",0.346569489821563,0.375,0.166666666666667,0.388008422412637,1,0,0,0,0,1,0,0,1
"0",0.346569489821563,0,0,0.120299720878076,0,1,0,0,0,1,0,0,1
"0",0.346569489821563,0,0,0.104492461270309,0,1,0,0,1,0,0,0,1
"1",0.40939934656949,0.125,0,1,1,0,0,0,1,0,1,0,0
"0",0.346569489821563,0,0,0,0,1,0,0,0,1,0,1,0
"1",0.547625031414928,0,0,0.120744609534025,0,1,0,0,0,1,0,0,1
"0",0.346569489821563,0,0,0.122649098643394,1,0,0,0,0,1,0,0,1
"1",0.421965317919075,0.125,0.166666666666667,0.495167168436064,1,0,0,0,0,1,0,1,0
"1",0.22090977632571,0,0.333333333333333,0.198066867374426,1,0,0,0,0,1,0,1,0
"0",0.371701432520734,0,0,0.198066867374426,0,1,0,0,0,1,0,1,0
"0",0.120382005529027,0,0.333333333333333,0.367947295930183,1,0,0,0,0,1,0,0,1
"0",0.346569489821563,0,0,0.120299720878076,0,1,0,1,0,0,0,0,1
"0",0.258607690374466,0,0,0.117823885035896,0,1,0,0,1,0,0,0,1
"0",0.359135461171149,0,0,0.119982813890277,0,1,0,0,0,1,0,0,1
"0",0.346569489821563,0.125,0.166666666666667,0.219397145399364,1,0,0,0,0,1,0,0,1
"0",0.22090977632571,0.125,0.166666666666667,0.307955888985044,0,1,0,0,0,1,0,0,1
"0",0.346569489821563,0,0,0.11046036834343,0,1,0,0,0,1,0,0,1
"1",0.346569489821563,0.125,0,0.396133734748851,1,0,0,0,0,1,0,1,0
"1",0.233475747675295,0,0,0.396133734748851,1,0,0,0,0,1,0,1,0
"0",0.346569489821563,0,0,0.118078324780908,0,1,0,0,1,0,0,0,1
"1",0.396833375219904,0,0,0.122649098643394,0,1,0,0,0,1,0,0,1
"1",0.346569489821563,0,0,0.404513486830077,0,1,0,0,0,1,1,0,0
"1",0.346569489821563,0.125,0,0.245298197286789,1,0,0,0,0,1,0,0,1
"1",0.522493088715758,0.125,0,0.396133734748851,1,0,0,0,0,1,0,1,0
"0",0.208343804976125,0,0,0.10855587923406,0,1,0,0,0,1,0,0,1
"0",0.62302085951244,0.125,0,0.85168752971003,0,1,0,0,0,1,1,0,0
"1",0.170645890927369,0.125,0.333333333333333,1,1,0,0,0,0,1,1,0,0
"0",0.258607690374466,0.25,0.333333333333333,0.523734505076606,1,0,0,0,0,1,0,0,1
"1",0.296305604423222,0.25,0.5,0.285673366405422,1,0,0,0,0,1,0,1,0
"0",0.798944458406635,0.125,0.666666666666667,1,0,1,0,0,0,1,1,0,0
"0",0.384267403870319,0,0,0.159977085187036,0,1,0,0,0,1,0,1,0
"1",0.560191002764514,0.125,0.166666666666667,0.39994271296759,1,0,0,0,0,1,0,1,0
"0",0.246041719024881,0,0,0.14474117231208,0,1,0,0,0,1,0,0,1
"0",0.308871575772807,0.125,0,0.118459222602781,0,1,0,0,0,1,0,0,1
"1",0.346569489821563,0,0,0.198066867374426,1,0,0,0,0,1,0,1,0
"1",0.346569489821563,0,0,0.123601343198079,0,1,0,0,0,1,0,0,1
"1",0.0449861774315155,0,0.333333333333333,1,0,1,0,0,0,1,1,0,0
"1",0.158079919577783,0,0.166666666666667,0.297100301061638,1,0,0,0,0,1,0,1,0
"1",0.421965317919075,0,0,0.404513486830077,0,1,0,0,0,1,1,0,0
"1",0.0575521487811008,0.25,0.166666666666667,0.293417780919762,1,0,0,1,0,0,0,0,1
"1",0.648152802211611,0,0,0.464695342686152,0,1,0,0,0,1,1,0,0
"0",0.447097260618246,0.125,0.333333333333333,0.422796582280024,0,1,0,0,0,1,0,1,0
"0",0.346569489821563,0.125,0,0.30421090160038,0,1,0,0,0,1,0,0,1
"0",0.371701432520734,0,0,0.422796582280024,0,1,0,1,0,0,1,0,0
"1",0.610454888162855,0.125,0,1,0,1,0,1,0,0,1,0,0
"0",0.346569489821563,0,0,0.122649098643394,0,1,0,0,0,1,0,0,1
"1",0.359135461171149,0,0,0.120299720878076,0,1,0,1,0,0,0,0,1
"0",0.81151042975622,0,0,0.404513486830077,0,1,0,0,0,1,1,0,0
"1",0.346569489821563,0.125,0,0.790172531477396,1,0,0,0,0,1,1,0,0
"1",0.62302085951244,0,0,0.159977085187036,1,0,0,0,0,1,0,1,0
"0",0.346569489821563,0,0,0.118078324780908,0,1,0,0,1,0,0,0,1
"1",0.59788891681327,0,0,0.404513486830077,0,1,0,0,0,1,1,0,0
"0",0.421965317919075,0,0,0.122649098643394,0,1,0,0,0,1,0,0,1
"0",0.585322945463684,0,0,0.586582645685799,0,1,0,0,0,1,1,0,0
"0",0.59788891681327,0,0,0.198066867374426,0,1,0,0,0,1,0,1,0
"0",0.346569489821563,0,0,0.122649098643394,0,1,0,0,0,1,0,0,1
"0",0.472229203317416,0,0,0.107413185768439,0,1,0,0,0,1,0,0,1
"0",0.346569489821563,0,0,0,0,1,0,0,0,1,0,1,0
"0",0.698416687609952,0,0,0.404513486830077,0,1,0,0,0,1,1,0,0
"0",0.346569489821563,0,0,0.117697426959034,0,1,0,0,1,0,0,0,1
"1",0.00414677054536316,0.25,0.166666666666667,0.293417780919762,1,0,0,1,0,0,0,0,1
"0",0.346569489821563,0,0,0.11046036834343,0,1,0,0,0,1,0,0,1
"0",0.472229203317416,0,0,0.131981095279305,0,1,0,0,0,1,0,0,1
"1",0.40939934656949,0.125,0.333333333333333,0.422796582280024,1,0,0,0,0,1,0,1,0
"1",0.283739633073637,0,0,0.210129139597528,1,0,0,1,0,0,0,1,0
"0",0.271173661724051,0,0,0.149883292907378,1,0,0,0,0,1,0,0,1
"0",0.346569489821563,0,0,0.792267469497702,0,1,0,0,0,1,1,0,0
"0",0.421965317919075,0.125,0,0.319954170374072,0,1,0,0,0,1,0,1,0
"0",0.359135461171149,0.125,0,0.107349194934364,0,1,0,0,0,1,0,0,1
"0",0.271173661724051,0,0,0.114586253549968,0,1,0,0,0,1,0,0,1
"1",0.0198542347323448,0,0.166666666666667,0.18721127945102,1,0,0,0,0,1,0,0,1
"0",0.107816034179442,0.625,0.333333333333333,0.714564313835428,0,1,0,0,0,1,0,0,1
"0",0.346569489821563,0,0,0,0,1,0,0,0,1,0,1,0
"0",0.62302085951244,0,0,0.122649098643394,0,1,0,0,0,1,0,0,1
"1",0.786378487057049,0,0,0.146074314688639,1,0,0,0,0,1,0,0,1
"1",0.308871575772807,0.125,0,1,0,1,0,1,0,0,1,0,0
"0",0.346569489821563,0.375,0.166666666666667,0.388008422412637,1,0,0,0,0,1,0,0,1
"1",0.43453128926866,0.125,0,1,1,0,0,0,0,1,1,0,0
"0",0.723548630309123,0,0,0.452506612386188,0,1,0,1,0,0,1,0,0
"0",0.371701432520734,0,0,0.122649098643394,0,1,0,0,0,1,0,0,1
"1",0.107816034179442,0.125,0.166666666666667,0.242251014711797,0,1,0,0,0,1,0,0,1
"0",0.346569489821563,0.125,0,0.30421090160038,0,1,0,0,0,1,0,0,1
"0",0.258607690374466,0,0,0.11046036834343,0,1,0,0,0,1,0,0,1
"0",0.685850716260367,0,0,0.464695342686152,0,1,0,0,0,1,1,0,0
"0",0.886906257853732,0,0,0.754241678144388,0,1,0,1,0,0,1,0,0
"0",0.258607690374466,0,0,0.122649098643394,0,1,0,0,0,1,0,0,1
"0",0.346569489821563,0,0,0.220285399119974,0,1,0,1,0,0,0,0,1
"1",0.673284744910782,0.125,0,1,1,0,0,1,0,0,1,0,0
"0",0.346569489821563,0,0,0.230062284411833,0,1,0,0,0,1,0,0,1
"0",0.308871575772807,0.125,0.333333333333333,1,1,0,0,0,0,1,1,0,0
"0",0.296305604423222,0,0,0.118776129590581,0,1,0,0,0,1,0,0,1
"0",0.208343804976125,0,0,0.131981095279305,0,1,0,0,0,1,0,0,1
"0",0.258607690374466,0,0,0.118078324780908,1,0,0,0,1,0,0,0,1
"0",0.346569489821563,0,0,0.116237826505613,1,0,0,0,1,0,0,0,1
"0",0.459663231967831,0,0,0.146074314688639,1,0,0,0,0,1,0,0,1
"1",0.195777833626539,0,0,1,1,0,0,0,0,1,1,0,0
"0",0.22090977632571,0.125,0,1,0,1,0,1,0,0,1,0,0
"1",0.40939934656949,0,0.333333333333333,0.396133734748851,1,0,0,0,0,1,0,1,0
"1",0.346569489821563,0,0,0.404513486830077,0,1,0,0,0,1,1,0,0
"0",0.346569489821563,0,0,0.34318893750838,0,1,0,0,0,1,0,0,1
"1",0.321437547122393,0,0,0.860765086600929,0,1,0,0,0,1,0,0,1
"1",0.359135461171149,0,0,0.118078324780908,0,1,0,0,1,0,0,0,1
"0",0.346569489821563,0,0,0.122649098643394,0,1,0,0,0,1,0,0,1
"1",0.447097260618246,0,0,0.400514059700401,0,1,0,0,0,1,1,0,0
"1",0.673284744910782,0.125,0,0.905013224772375,1,0,0,1,0,0,1,0,0
"0",0.296305604423222,0,0,0.114205355728094,0,1,0,0,0,1,0,0,1
"0",0.585322945463684,0,0,0.518337944736297,0,1,0,0,0,1,1,0,0
"1",0.421965317919075,0,0,0.159977085187036,1,0,0,0,0,1,0,1,0
"0",0.346569489821563,0,0,0.367947295930183,0,1,0,0,1,0,0,0,1
"1",0.447097260618246,0.125,0,0.396133734748851,1,0,0,0,0,1,0,1,0
"0",0.396833375219904,0,0,0.120299720878076,0,1,0,0,0,1,0,0,1
"1",0.371701432520734,0,0,1,1,0,0,0,0,1,1,0,0
"0",0.271173661724051,0,0,0.120299720878076,0,1,0,0,0,1,0,0,1
"0",0.346569489821563,0,0,0.110079470521556,0,1,0,1,0,0,0,0,1
"1",0.547625031414928,0,0.166666666666667,0.883366039759638,1,0,0,1,0,0,1,0,0
"0",0.346569489821563,0,0,0.110143461355631,0,1,0,1,0,0,0,0,1
"0",0.50364413169138,0,0,0.118078324780908,0,1,0,0,1,0,0,0,1
"1",0.62302085951244,0,0,0.159977085187036,1,0,0,0,0,1,0,1,0
"0",0.346569489821563,0,0,1,0,1,0,0,0,1,1,0,0
"0",0.484795174667002,0,0,0.120744609534025,0,1,0,0,0,1,0,0,1
"0",0.283739633073637,0.25,0.166666666666667,0.175212998061992,0,1,0,0,0,1,0,1,0
"1",0.0198542347323448,0.125,0.166666666666667,0.396133734748851,1,0,0,0,0,1,0,1,0
"0",0.346569489821563,0,0,0.110143461355631,0,1,0,1,0,0,0,0,1
"0",0.208343804976125,0.125,0.166666666666667,0.110143461355631,0,1,0,1,0,0,0,0,1
"1",0.346569489821563,0,0.333333333333333,0.340649110832125,1,0,0,1,0,0,0,0,1
"0",0.371701432520734,0,0,0.131981095279305,1,0,0,0,0,1,0,0,1
"1",0.0826840914802714,0,0.333333333333333,0.39994271296759,1,0,0,0,0,1,0,1,0
"0",0.560191002764514,0,0,0.404513486830077,0,1,0,0,0,1,1,0,0
"1",0.371701432520734,0,0,1,1,0,0,1,0,0,1,0,0
"0",0.346569489821563,0,0,0.220920736686859,0,1,0,0,0,1,0,0,1
"1",0.271173661724051,0,0.333333333333333,0.754177687310313,1,0,0,1,0,0,1,0,0
"1",0.447097260618246,0,0.333333333333333,1,1,0,0,0,0,1,1,0,0
"0",0.107816034179442,0.5,0.333333333333333,0.476503175164243,1,0,0,0,0,1,0,0,1
"0",0.132947976878613,0.5,0.333333333333333,0.476503175164243,1,0,0,0,0,1,0,0,1
"1",0.396833375219904,0.125,0,0.396133734748851,0,1,0,0,0,1,0,1,0
"0",0.62302085951244,0.125,0,1,0,1,0,1,0,0,1,0,0
"0",0.798944458406635,0,0,0.396133734748851,0,1,0,0,0,1,1,0,0
"1",0.233475747675295,0.125,0,0.396133734748851,1,0,0,0,0,1,0,1,0
"1",0.346569489821563,0,0,0.211207842229075,0,1,0,1,0,0,0,1,0
"0",0.40939934656949,0.125,0.166666666666667,0.312717111758468,0,1,0,0,0,1,0,0,1
"1",0.0952500628298567,0.125,0.166666666666667,0.559919798154626,0,1,0,0,0,1,0,1,0
"1",0.208343804976125,0,0.333333333333333,1,0,1,0,1,0,0,1,0,0
"0",0.334003518471978,0,0,0.396133734748851,0,1,0,0,0,1,0,1,0
"0",0.346569489821563,0,0,0.119285009080604,0,1,0,0,1,0,0,0,1
"1",0.271173661724051,0,0,0.110079470521556,0,1,0,1,0,0,0,0,1
"1",0.271173661724051,0,0,0.118459222602781,1,0,0,0,0,1,0,0,1
"0",0.773812515707464,0,0,0.404513486830077,0,1,0,0,0,1,1,0,0
"1",0.59788891681327,0.125,0,0.60334214984825,1,0,0,1,0,0,1,0,0
"0",0.346569489821563,0,0,1,0,1,0,1,0,0,1,0,0
"1",0.484795174667002,0.125,0.166666666666667,1,1,0,0,0,0,1,1,0,0
"1",0.447097260618246,0.125,0,0.265104884024231,1,0,0,0,0,1,0,0,1
"0",0.346569489821563,0,0,0.118078324780908,0,1,0,0,1,0,0,0,1
"0",0.497361146016587,0,0,0.120299720878076,0,1,0,0,0,1,0,0,1
"0",0.346569489821563,0,0,0.205684823811904,0,1,0,0,0,1,0,1,0
"0",0.346569489821563,0,0,0.122649098643394,0,1,0,0,0,1,0,0,1
"0",0.346569489821563,0,0,0.122649098643394,1,0,0,0,0,1,0,0,1
"0",0.296305604423222,0.25,0,0.367947295930183,0,1,0,0,0,1,0,0,1
"0",0.233475747675295,0,0,0.120299720878076,0,1,0,0,0,1,0,0,1
"0",0.359135461171149,0,0.666666666666667,0.321096863839694,1,0,0,0,0,1,0,0,1
"0",0.346569489821563,0,0,0.110143461355631,0,1,0,1,0,0,0,0,1
"1",0.396833375219904,0,0,0.119665906902478,0,1,0,0,0,1,0,0,1
"1",0.773812515707464,0,0,0.159977085187036,0,1,0,0,0,1,0,1,0
"1",0.660718773561196,0.25,0,0.784332606072425,1,0,0,0,0,1,1,0,0
"1",0.447097260618246,0,0,0.402037650987897,0,1,0,0,0,1,1,0,0
"1",0.346569489821563,0,0,0.118078324780908,1,0,0,0,1,0,0,0,1
"0",0.195777833626539,0,0,0.122649098643394,0,1,0,0,0,1,0,0,1
"0",0.233475747675295,0,0,0.220920736686859,0,1,0,0,0,1,0,0,1
"1",0.421965317919075,0,0,0.198066867374426,1,0,0,0,0,1,0,1,0
"1",0.484795174667002,0.125,0,0.85168752971003,1,0,0,0,0,1,1,0,0
"0",0.346569489821563,0.125,0,0.220285399119974,1,0,0,1,0,0,0,0,1
"1",0.396833375219904,0,0,0.120744609534025,0,1,0,0,0,1,0,0,1
"1",0.308871575772807,0.125,0.166666666666667,0.457077386248674,1,0,0,0,0,1,0,1,0
"1",0.484795174667002,0.125,0.166666666666667,1,1,0,0,1,0,0,1,0,0
"0",0.673284744910782,0,0,0.396133734748851,0,1,0,0,0,1,0,1,0
"0",0.447097260618246,0,0,0.611341004107602,0,1,0,1,0,0,1,0,0
"0",0.346569489821563,0,0,0.132742890923053,0,1,0,1,0,0,0,0,1
"1",0.22090977632571,0,0.333333333333333,1,1,0,0,0,0,1,1,0,0
"0",0.585322945463684,0,0,0.228538693124337,0,1,0,0,0,1,0,1,0
"1",0.748680573008293,0.125,0.166666666666667,1,0,1,0,1,0,0,1,0,0
"0",0.271173661724051,0,0,0.122649098643394,0,1,0,0,0,1,0,0,1
"0",0.346569489821563,0,0,0.122649098643394,0,1,0,0,0,1,0,0,1
"0",0.43453128926866,0,0,0.10855587923406,0,1,0,0,0,1,0,0,1
"1",0.648152802211611,0.125,0,1,1,0,0,1,0,0,1,0,0
"0",0.585322945463684,0,0,0.11046036834343,0,1,0,0,0,1,0,0,1
"0",0.346569489821563,0,0.333333333333333,0.118078324780908,1,0,0,0,1,0,0,0,1
"0",0.459663231967831,0.125,0,0.396133734748851,0,1,0,0,0,1,0,1,0
"0",0.447097260618246,0.125,0.166666666666667,0.367947295930183,0,1,0,0,0,1,0,0,1
"1",0.346569489821563,0,0,0.502785124873542,1,0,0,0,0,1,0,1,0
"0",0.610454888162855,0,0,0,0,1,0,0,0,1,0,0,1
"0",0.346569489821563,0,0,0.110079470521556,0,1,0,1,0,0,0,0,1
"1",0.610454888162855,0.125,0,0.867368331240935,0,1,0,1,0,0,1,0,0
"1",0.296305604423222,0.25,0.166666666666667,0.411369647623807,1,0,0,0,0,1,0,1,0
"0",0.346569489821563,0,0,0.120299720878076,0,1,0,0,0,1,0,0,1
"0",0.346569489821563,0,0,0.646002705898127,0,1,0,0,0,1,1,0,0
"0",0.547625031414928,0,0,0.122649098643394,0,1,0,0,0,1,0,0,1
"1",0.43453128926866,0,0,0.404513486830077,0,1,0,1,0,0,1,0,0
"0",0.447097260618246,0.125,0,0.236918445205563,0,1,0,0,0,1,0,0,1
"0",0.371701432520734,0,0,0.120299720878076,0,1,0,0,0,1,0,0,1
"1",0.334003518471978,0,0,0.464695342686152,0,1,0,0,0,1,1,0,0
"1",0.271173661724051,0.125,0.333333333333333,0.633497068610363,1,0,0,1,0,0,0,1,0
"1",0.497361146016587,0,0,1,1,0,0,0,0,1,1,0,0
"0",0.484795174667002,0.125,0.833333333333333,0.476503175164243,1,0,0,0,0,1,0,0,1
"0",0.346569489821563,0,0,0.107413185768439,0,1,0,0,0,1,0,0,1
"1",0.346569489821563,0.125,0,0.236156649561815,1,0,0,0,1,0,0,0,1
"0",0.346569489821563,0,0,0.118078324780908,0,1,0,0,1,0,0,0,1
"0",0.43453128926866,0,0,0.122649098643394,0,1,0,0,0,1,0,0,1
"1",0.296305604423222,0.125,0.333333333333333,0.990334336872128,1,0,0,0,0,1,0,1,0
"0",0.421965317919075,0.125,0.166666666666667,0.219397145399364,0,1,0,0,0,1,0,0,1
"0",0.321437547122393,0.125,0,0.245298197286789,1,0,0,0,0,1,0,0,1
"1",0.0449861774315155,0.25,0.166666666666667,0.594200602123277,1,0,0,0,0,1,0,1,0
"0",0.321437547122393,0,0,0.159977085187036,0,1,0,0,0,1,0,1,0
"0",0.334003518471978,0.125,0,0.220222931877186,0,1,0,1,0,0,0,0,1
"1",0.522493088715758,0.125,0,0.800711212413003,0,1,0,0,0,1,1,0,0
"1",0.246041719024881,0.125,0.166666666666667,0.239839169703692,0,1,0,1,0,0,0,0,1
"0",0.258607690374466,0,0,0.119665906902478,0,1,0,0,0,1,0,0,1
"0",0.258607690374466,0,0,0.245298197286789,0,1,0,0,0,1,0,0,1
"0",0.761246544357879,0,0,0.492436892848872,0,1,0,0,0,1,1,0,0
"0",0.710982658959538,0,0,0.188163524005704,0,1,0,0,1,0,0,1,0
"1",0.258607690374466,0,0,1,1,0,0,0,0,1,1,0,0
"0",0.321437547122393,0,0,0.120299720878076,0,1,0,0,0,1,0,0,1
"0",0.346569489821563,0,0,0.117823885035896,0,1,0,0,1,0,0,0,1
"1",1,0,0,0.457077386248674,0,1,0,0,0,1,1,0,0
"0",0.635586830862026,0,0,0.107477176602513,0,1,0,0,0,1,0,0,1
"1",0.396833375219904,0,0,0.464695342686152,0,1,0,1,0,0,1,0,0
"0",0.346569489821563,0,0,0,0,1,0,0,0,1,1,0,0
"0",0.107816034179442,0.375,0.333333333333333,0.425081969211267,1,0,0,0,0,1,0,0,1
"1",0.346569489821563,0,0,0.198066867374426,1,0,0,0,0,1,0,1,0
"0",0.396833375219904,0,0,0.120744609534025,0,1,0,0,0,1,0,0,1
"0",0.384267403870319,0.125,0.166666666666667,0.39994271296759,0,1,0,0,0,1,0,1,0
"0",0.509927117366172,0,0.833333333333333,0.604675292224809,1,0,0,0,0,1,0,0,1
"0",0.346569489821563,0.125,0,0.245298197286789,0,1,0,0,0,1,0,0,1
"0",0.246041719024881,0,0,0.119665906902478,0,1,0,0,0,1,0,0,1
"1",0.296305604423222,0,0,1,1,0,0,1,0,0,1,0,0
"0",0.0198542347323448,0.375,0.333333333333333,0.425081969211267,1,0,0,0,0,1,0,0,1
"1",0.346569489821563,0,0,0.860765086600929,0,1,0,0,0,1,0,0,1
"1",0.00414677054536316,0.25,0.166666666666667,0.293417780919762,1,0,0,1,0,0,0,0,1
"1",0.59788891681327,0.125,0,1,0,1,0,1,0,0,1,0,0
"0",0.233475747675295,0,0,0.120299720878076,0,1,0,0,0,1,0,0,1
"1",0.698416687609952,0,0,0.540874907060931,0,1,0,1,0,0,1,0,0
"0",0.346569489821563,0,0,0.115031142205916,0,1,0,0,0,1,0,0,1
"1",0.283739633073637,0,0,0.115031142205916,1,0,0,0,0,1,0,0,1
"0",0.346569489821563,0,0,0.120299720878076,0,1,0,0,0,1,0,0,1
"1",0.22090977632571,0,0.166666666666667,0.350425996123984,1,0,0,0,0,1,0,1,0
"0",0.258607690374466,0,0,0.128489024048365,0,1,0,0,0,1,0,0,1
"1",0.346569489821563,0,0,0.119285009080604,1,0,0,0,1,0,0,0,1
"0",0.22090977632571,0,0,0.102842411905952,1,0,0,0,1,0,0,0,1
"0",0.296305604423222,0.25,0,1,0,1,0,0,0,1,0,1,0
"0",0.346569489821563,0,0,0.120299720878076,0,1,0,0,0,1,0,0,1
"0",0.396833375219904,0.125,0.166666666666667,0.236156649561815,1,0,0,0,1,0,0,0,1
"0",0.283739633073637,0,0,0.198066867374426,0,1,0,0,0,1,0,1,0
"0",0.723548630309123,0,0.333333333333333,1,0,1,0,1,0,0,1,0,0
"1",0.62302085951244,0.25,0,1,0,1,0,0,0,1,1,0,0
"0",0.497361146016587,0,0,0.110079470521556,0,1,0,1,0,0,0,0,1
"0",0.585322945463684,0,0,0.389848920687932,0,1,0,0,0,1,1,0,0
"0",0.447097260618246,0,0,0.114205355728094,0,1,0,0,0,1,0,0,1
"1",0.246041719024881,0.125,0,0.120744609534025,0,1,0,0,0,1,0,0,1
"0",0.396833375219904,0.25,0,1,0,1,0,0,0,1,0,1,0
"0",0.308871575772807,0,0,0.198066867374426,0,1,0,0,0,1,0,1,0
"0",0.346569489821563,0,0,0.118459222602781,0,1,0,0,0,1,0,0,1
"0",0.535059060065343,0,0,0.122649098643394,0,1,0,0,0,1,0,0,1
"1",0.346569489821563,0.125,0,0.792267469497702,1,0,0,0,0,1,1,0,0
"1",0.497361146016587,0.125,0.166666666666667,0.594200602123277,1,0,0,0,0,1,0,1,0
"0",0.384267403870319,0.125,0,0.792267469497702,0,1,0,0,0,1,1,0,0
"0",0.874340286504147,0,0,0.159977085187036,0,1,0,0,0,1,0,1,0
"1",0.384267403870319,0,0,0.198066867374426,0,1,0,0,0,1,0,1,0
"0",0.346569489821563,0,0,0,0,1,0,0,0,1,0,1,0
"0",0.22090977632571,0,0,0.118459222602781,0,1,0,0,0,1,0,0,1
"0",0.302588590098015,0,0,0.122649098643394,0,1,0,0,0,1,0,0,1
"1",0.22090977632571,0,0,0.149947283741453,1,0,0,0,0,1,0,0,1
"0",0.535059060065343,0.125,1,0.714564313835428,1,0,0,0,0,1,0,0,1
"1",0.447097260618246,0,0.166666666666667,1,0,1,0,1,0,0,1,0,0
"0",0.346569489821563,0,0,0.123982241019953,1,0,0,0,1,0,0,0,1
"1",0.334003518471978,0,0,1,0,1,0,1,0,0,1,0,0
"0",0.246041719024881,0,0,0.140551296271467,0,1,0,0,0,1,0,0,1
"0",0.170645890927369,0.625,0.333333333333333,0.714564313835428,0,1,0,0,0,1,0,0,1
"0",0.748680573008293,0.125,0.166666666666667,0.594200602123277,0,1,0,0,0,1,0,1,0
"0",0.308871575772807,0.125,0.333333333333333,0.633497068610363,0,1,0,1,0,0,0,1,0
"0",0.170645890927369,0.5,0.166666666666667,0.604675292224809,0,1,0,0,0,1,0,0,1
"0",0.233475747675295,0,0,0.154961422668601,0,1,0,0,0,1,0,0,1
"0",0.22090977632571,0,0,0.118776129590581,0,1,0,0,0,1,0,0,1
"1",0.183211862276954,0,0.166666666666667,1,1,0,0,0,0,1,1,0,0
"1",0.384267403870319,0.125,0,0.868447033872482,0,1,0,0,0,1,1,0,0
"1",0.0449861774315155,0,0.166666666666667,0.20441567226942,1,0,0,1,0,0,0,0,1
"1",0.346569489821563,0,0,0.860765086600929,0,1,0,0,0,1,0,0,1
"0",0.308871575772807,0,0,0.110079470521556,0,1,0,1,0,0,0,0,1
"0",0.748680573008293,0,0,0.404513486830077,0,1,0,0,0,1,1,0,0
"0",0.648152802211611,0,0,0.205684823811904,0,1,0,0,0,1,0,1,0
"0",0.547625031414928,0,0,0.122649098643394,0,1,0,0,0,1,0,0,1
"1",0.346569489821563,0,0,0.117823885035896,1,0,0,0,1,0,0,0,1
"0",0.610454888162855,0.125,0.166666666666667,1,0,1,0,1,0,0,1,0,0
"0",0.522493088715758,0,0,0.116554733493412,0,1,0,0,0,1,0,0,1
"1",0.22090977632571,0.125,0,1,1,0,0,1,0,0,1,0,0
"1",0.43453128926866,0,0,0.400514059700401,0,1,0,0,0,1,1,0,0
"0",0.22090977632571,0,0.166666666666667,0.220222931877186,1,0,0,1,0,0,0,0,1
"0",0.308871575772807,0,0,0.117951866704045,0,1,0,0,1,0,0,0,1
"0",0.321437547122393,0.125,0,0.119665906902478,0,1,0,0,0,1,0,0,1
"0",0.484795174667002,0,0,0.396133734748851,0,1,0,0,0,1,0,1,0
"1",0.560191002764514,0,0,0.205684823811904,1,0,0,0,0,1,0,1,0
"1",0.522493088715758,0,0,0.400514059700401,0,1,0,0,0,1,1,0,0
"1",0.271173661724051,0,0,1,1,0,0,0,0,1,1,0,0
"1",0.346569489821563,0.125,0.166666666666667,0.232283680509001,0,1,0,1,0,0,0,0,1
"1",0.296305604423222,0,0,0.754241678144388,1,0,0,1,0,0,1,0,0
"0",0.346569489821563,0,0,0.404513486830077,0,1,0,0,0,1,1,0,0
"1",0.59788891681327,0.125,0,0.792267469497702,0,1,0,0,0,1,1,0,0
"0",0.359135461171149,0,0,0.144486732567068,0,1,0,0,0,1,0,0,1
"0",0.648152802211611,0,0,0.198066867374426,0,1,0,0,0,1,0,1,0
"0",0.233475747675295,0,0,0.116554733493412,0,1,0,0,0,1,0,0,1
"1",0.472229203317416,0,0,1,1,0,0,1,0,0,1,0,0
"1",0.334003518471978,0,0,0.159977085187036,1,0,0,0,0,1,0,1,0
"0",0.346569489821563,0,0,0.236156649561815,0,1,0,0,1,0,0,0,1
"0",0.40939934656949,0,0,0.118459222602781,0,1,0,0,0,1,0,0,1
"1",0.0701181201306861,0,0.166666666666667,0.502785124873542,1,0,0,0,0,1,0,1,0
"0",0.208343804976125,0.125,0,0.107477176602513,0,1,0,0,0,1,0,0,1
"0",0.421965317919075,0,0,0.198066867374426,0,1,0,0,0,1,0,1,0
"0",0.62302085951244,0,0,0.198066867374426,0,1,0,0,0,1,0,1,0
"1",0.334003518471978,0.125,0,0.809026973660154,0,1,0,0,0,1,1,0,0
"0",0.246041719024881,0,0,0.131981095279305,0,1,0,0,0,1,0,0,1
"1",0.371701432520734,0.375,0,0.319954170374072,1,0,0,0,0,1,0,1,0
"1",0.346569489821563,0,0,0.117887875869971,1,0,0,0,1,0,0,0,1
"0",0.308871575772807,0.125,0,0.396133734748851,0,1,0,0,0,1,0,1,0
"0",0.308871575772807,0.125,0,0.120744609534025,1,0,0,0,0,1,0,0,1
"1",0.359135461171149,0,0,1,1,0,0,0,0,1,1,0,0
"0",0.132947976878613,0,0,0.286244713138232,0,1,0,1,0,0,0,0,1
"0",0.346569489821563,0,0,0,0,1,0,0,0,1,0,1,0
"0",0.283739633073637,0,0,0.198066867374426,0,1,0,0,0,1,0,1,0
"0",0.283739633073637,0,0,0.198066867374426,0,1,0,0,0,1,0,1,0
"0",0.352852475496356,0,0,0.245298197286789,0,1,0,0,0,1,0,0,1
"0",0.59788891681327,0.125,0.5,0.523734505076606,1,0,0,0,0,1,0,0,1
"1",0.43453128926866,0,0,1,0,1,0,1,0,0,1,0,0
"0",0.346569489821563,0,0,0.120299720878076,0,1,0,0,0,1,0,0,1
"0",0.346569489821563,0,0,0.120299720878076,0,1,0,0,0,1,0,0,1
"1",0.346569489821563,0,0,0.457077386248674,0,1,0,0,0,1,1,0,0
"0",0.447097260618246,0.125,0,1,0,1,0,0,0,1,1,0,0
"1",0.258607690374466,0.25,0.333333333333333,1,1,0,0,1,0,0,1,0,0
"0",0.296305604423222,0.125,0,0.245298197286789,0,1,0,0,0,1,0,0,1
"1",0.384267403870319,0,0,0.120744609534025,0,1,0,0,0,1,0,0,1
"0",0.874340286504147,0.125,0.166666666666667,1,0,1,0,0,0,1,1,0,0
"0",0.195777833626539,0.125,0.166666666666667,0.308527235717855,0,1,0,0,0,1,0,0,1
"1",0.371701432520734,0,0,0.198066867374426,1,0,0,0,0,1,0,1,0
"0",0.233475747675295,0.125,0,0.809026973660154,0,1,0,0,0,1,1,0,0
"0",0.384267403870319,0,0,0.118078324780908,0,1,0,0,1,0,0,0,1
"1",0.0449861774315155,0.125,0.166666666666667,0.350425996123984,1,0,0,0,0,1,0,1,0
"1",0.0701181201306861,0,0.166666666666667,0.190068013115074,0,1,0,0,0,1,0,0,1
"0",0.40939934656949,0,0,0.14474117231208,0,1,0,0,0,1,0,0,1
"0",0.283739633073637,0,0,0.120299720878076,0,1,0,0,0,1,0,0,1
"1",0.59788891681327,0.125,0.333333333333333,0.990334336872128,1,0,0,0,0,1,0,1,0
"1",0.00314149283739633,0.125,0.166666666666667,0.220920736686859,0,1,0,0,0,1,0,1,0
"0",0.346569489821563,0,0,0.118776129590581,0,1,0,0,0,1,0,0,1
"0",0.22090977632571,0,0,0.175212998061992,0,1,0,0,0,1,0,1,0
"0",0.421965317919075,0,0,0.122649098643394,0,1,0,0,0,1,0,0,1
"1",0.40939934656949,0,0,1,1,0,0,0,0,1,1,0,0
"0",0.346569489821563,0,0,0.220920736686859,0,1,0,0,0,1,0,0,1
"0",0.509927117366172,0,0,0.10855587923406,0,1,0,0,0,1,0,0,1
"1",0.246041719024881,0,0,0.110143461355631,0,1,0,1,0,0,0,0,1
"1",0.447097260618246,0.125,0.333333333333333,1,1,0,0,0,0,1,1,0,0
"0",0.195777833626539,0,0,0.118459222602781,0,1,0,0,0,1,0,0,1
"1",0.635586830862026,0.125,0,1,1,0,0,0,0,1,1,0,0
"0",0.346569489821563,0,0,0.60334214984825,0,1,0,1,0,0,1,0,0
"0",0.377984418195527,0,0,0.118078324780908,1,0,0,0,1,0,0,0,1
"0",0.346569489821563,0.125,0,0.367947295930183,0,1,0,0,1,0,0,0,1
"0",0.396833375219904,0,0,0.127410321416818,0,1,0,0,0,1,0,0,1
"0",0.296305604423222,0,0,0.14474117231208,0,1,0,0,0,1,0,0,1
"0",0.59788891681327,0,0,0.119665906902478,0,1,0,0,0,1,0,0,1
"0",0.710982658959538,0,0,0.159977085187036,1,0,0,0,0,1,0,1,0
"0",0.346569489821563,0,0,0.110079470521556,0,1,0,1,0,0,0,0,1
"1",0.673284744910782,0.125,0.5,0.350425996123984,1,0,0,0,0,1,0,1,0
"0",0.22090977632571,0,0,0.118078324780908,0,1,0,0,0,1,0,0,1
"0",0.346569489821563,0,0,0.118078324780908,0,1,0,0,1,0,0,0,1
"1",0.0575521487811008,0,0,0.190068013115074,1,0,0,0,0,1,0,0,1
"0",0.346569489821563,0,0,0.117887875869971,0,1,0,0,1,0,0,0,1
"1",0.535059060065343,0,0.166666666666667,1,1,0,0,0,0,1,1,0,0
"1",0.158079919577783,0,0,0.110143461355631,1,0,0,1,0,0,0,0,1
"1",0.208343804976125,0.125,0,0.868447033872482,1,0,0,0,0,1,1,0,0
"0",0.359135461171149,0,0,0.457077386248674,0,1,0,0,0,1,1,0,0
"0",0.346569489821563,0.125,0.333333333333333,0.357282156917714,0,1,0,0,0,1,0,0,1
"0",0.308871575772807,0,0,0.107413185768439,0,1,0,0,0,1,0,0,1
"0",0.308871575772807,0,0,0.11046036834343,0,1,0,0,0,1,0,0,1
"1",0.22090977632571,0,0,0.114205355728094,1,0,0,0,0,1,0,0,1
"0",0.0952500628298567,0.5,0.166666666666667,0.443745962483088,0,1,0,0,1,0,0,0,1
"1",0.00728826338275949,0.125,0.333333333333333,0.313478907402216,0,1,0,0,0,1,0,0,1
"0",0.572756974114099,0,0,1,0,1,0,1,0,0,1,0,0
"0",0.346569489821563,0,0,0.118078324780908,0,1,0,0,1,0,0,0,1
"0",0.195777833626539,0,0,0.396133734748851,0,1,0,0,0,1,0,1,0
"0",0.346569489821563,1,0.333333333333333,1,1,0,0,0,0,1,0,0,1
"0",0.346569489821563,0,0,0.467678534427069,0,1,0,1,0,0,1,0,0
"0",0.308871575772807,0,0,0.120299720878076,0,1,0,0,0,1,0,0,1
"0",0.484795174667002,0,0,0.198066867374426,0,1,0,0,0,1,0,1,0
"1",0.610454888162855,0,0,0.395055032117304,1,0,0,0,0,1,1,0,0
"1",0.384267403870319,0,0,0.132298002267104,1,0,0,0,0,1,0,0,1
"0",0.371701432520734,0,0,0.110143461355631,0,1,0,1,0,0,0,0,1
"0",0.371701432520734,0.125,0.166666666666667,0.367947295930183,1,0,0,0,0,1,0,0,1
"0",0.421965317919075,0,0,0.198066867374426,0,1,0,0,0,1,0,1,0
"1",0.384267403870319,0.125,0.166666666666667,0.39994271296759,1,0,0,0,0,1,0,1,0
"1",0.132947976878613,0.125,0.333333333333333,1,0,1,0,0,0,1,1,0,0
"1",0,0,0.166666666666667,0.129759699182136,0,1,0,1,0,0,0,0,1
"1",0.334003518471978,0,0,0.106270492302817,0,1,0,0,0,1,0,0,1
"0",0.384267403870319,0,0,0.118459222602781,0,1,0,0,0,1,0,0,1
"0",0.484795174667002,0,0,0,0,1,0,0,0,1,1,0,0
"0",0.22090977632571,0,0,0.118459222602781,1,0,0,0,0,1,0,0,1
"0",0.484795174667002,0,0,0.198066867374426,0,1,0,0,0,1,0,1,0
"1",0.40939934656949,0.125,0,0.809026973660154,1,0,0,0,0,1,1,0,0
"0",0.321437547122393,0,0,0.120173262801214,0,1,0,0,0,1,0,0,1
"0",0.484795174667002,0,0,0.367947295930183,0,1,0,0,0,1,0,0,1
"0",0.43453128926866,0,0,0.159977085187036,0,1,0,0,0,1,0,1,0
"0",0.0701181201306861,0.5,0.333333333333333,0.476503175164243,1,0,0,0,0,1,0,0,1
"0",0.377984418195527,0,0,0.122649098643394,0,1,0,0,0,1,0,0,1
"0",0.346569489821563,0,0,0,0,1,0,0,0,1,1,0,0
"0",0.283739633073637,0,0,0.120744609534025,1,0,0,0,0,1,0,0,1
"0",0.384267403870319,0.125,0.166666666666667,0.56379276720744,0,1,0,1,0,0,0,1,0
"0",0.535059060065343,0,0,0.098271638043465,0,1,0,0,0,1,0,0,1
"0",0.120382005529027,0.375,0.333333333333333,0.425081969211267,0,1,0,0,0,1,0,0,1
"1",0.648152802211611,0.125,0.166666666666667,1,1,0,0,0,0,1,1,0,0
"1",0.334003518471978,0,0,0.131981095279305,0,1,0,0,0,1,0,0,1
"0",0.472229203317416,0,0,0,0,1,0,0,0,1,1,0,0
"1",0.334003518471978,0,0.166666666666667,0.190068013115074,1,0,0,0,0,1,0,0,1
"0",0.0198542347323448,0.5,0.166666666666667,0.604675292224809,0,1,0,0,0,1,0,0,1
"0",0.346569489821563,0,0,0.105889594480943,0,1,0,0,1,0,0,0,1
"0",0.346569489821563,0,0,0.860765086600929,0,1,0,0,0,1,0,0,1
"1",0.00728826338275949,0,0.333333333333333,0.56379276720744,0,1,0,1,0,0,0,1,0
"1",0.346569489821563,0,0,0.118078324780908,0,1,0,0,1,0,0,0,1
"1",0.773812515707464,0,0,1,1,0,1,0,0,0,1,0,0
"1",0.183211862276954,0.125,0,0.220222931877186,1,0,0,1,0,0,0,0,1
"1",0.00515204825332998,0.125,0.166666666666667,0.285673366405422,0,1,0,0,0,1,0,1,0
"0",0.346569489821563,0,0,0.110143461355631,0,1,0,1,0,0,0,0,1
"0",0.283739633073637,0,0,0.119665906902478,0,1,0,0,0,1,0,0,1
"0",0.22090977632571,0,0,0.126458076862133,0,1,0,0,0,1,0,0,1
"1",0.484795174667002,0.125,0.166666666666667,1,1,0,0,1,0,0,1,0,0
"0",0.258607690374466,0,0,0.131981095279305,0,1,0,0,0,1,0,0,1
"0",0.346569489821563,0,0,0.122649098643394,0,1,0,0,0,1,0,0,1
"1",0.396833375219904,0,0,0.860765086600929,0,1,0,0,0,1,0,0,1
"1",0.346569489821563,0,0,0.452506612386188,0,1,0,1,0,0,1,0,0
"0",0.246041719024881,0,0,0.120744609534025,0,1,0,0,0,1,0,0,1
"0",0.195777833626539,0,0,0.159977085187036,0,1,0,0,0,1,0,1,0
"1",0.371701432520734,0,0,0.47231329912363,1,0,0,1,0,0,1,0,0
"0",0.428248303593868,0,0,0.0980811891325281,0,1,0,1,0,0,0,0,1
"0",0.208343804976125,0,0,0.131981095279305,0,1,0,0,0,1,0,0,1
"0",0.522493088715758,0,0,0.115031142205916,0,1,0,0,0,1,0,0,1
"0",0.346569489821563,1,0.333333333333333,1,0,1,0,0,0,1,0,0,1
"0",0.43453128926866,0,0,0.120299720878076,0,1,0,1,0,0,0,0,1
"0",0.346569489821563,0,0.166666666666667,0.502785124873542,0,1,0,0,0,1,0,1,0
"1",0.346569489821563,0.125,0,1,1,0,0,1,0,0,1,0,0
"0",0.0449861774315155,0.5,0.333333333333333,0.476503175164243,0,1,0,0,0,1,0,0,1
"0",0.924604171902488,0,0,0.118459222602781,0,1,0,0,0,1,0,0,1
"0",0.107816034179442,0.125,0.166666666666667,0.232283680509001,1,0,0,1,0,0,0,0,1
"1",0.195777833626539,0,0.166666666666667,0.600294967273259,1,0,0,0,0,1,1,0,0
"0",0.547625031414928,0.125,0,0.396133734748851,1,0,0,0,0,1,0,1,0
"1",0.22090977632571,0,0.166666666666667,0.142455785380837,1,0,0,0,0,1,0,0,1
"1",0.560191002764514,0.125,0.166666666666667,1,1,0,0,0,0,1,1,0,0
"1",0.635586830862026,0,0,0.404513486830077,0,1,0,0,0,1,1,0,0
"1",0.296305604423222,0,0.5,0.293417780919762,1,0,0,1,0,0,0,0,1
"0",0.346569489821563,0,0,0.110143461355631,0,1,0,1,0,0,0,0,1
"0",0.509927117366172,0.25,0,0.214952829613739,0,1,0,0,0,1,0,0,1
"0",0.258607690374466,0.125,0,0.175212998061992,0,1,0,0,0,1,0,1,0
"1",0.59788891681327,0,0,0.395055032117304,1,0,0,0,0,1,1,0,0
"0",0.346569489821563,1,0.333333333333333,1,1,0,0,0,0,1,0,0,1
"0",0.296305604423222,0,0,0.198066867374426,0,1,0,0,0,1,0,1,0
"1",0.522493088715758,0,0,0.198066867374426,1,0,0,0,0,1,0,1,0
"1",0.334003518471978,0.125,0,0.211143851395,1,0,0,1,0,0,0,1,0
"0",0.384267403870319,0,0,0.769349609351194,0,1,0,0,0,1,1,0,0
"0",0.346569489821563,0,0,0.14474117231208,0,1,0,0,0,1,0,0,1
"1",0.0449861774315155,0.125,0.166666666666667,0.169625988810746,0,1,0,0,0,1,0,0,1
"0",0.321437547122393,0,0,0.120299720878076,0,1,0,0,0,1,0,0,1
"1",0.585322945463684,0.125,0.166666666666667,0.800711212413003,1,0,0,0,0,1,1,0,0
"0",0.40939934656949,0,0,0.0761795643747791,0,1,0,0,0,1,1,0,0
"0",0.585322945463684,0,0,0.137123215874602,0,1,0,0,0,1,0,0,1
"1",0.346569489821563,0.125,0,0.36566190899894,1,0,0,1,0,0,0,1,0
"1",0.183211862276954,0,0,0.110079470521556,1,0,0,1,0,0,0,0,1
"0",0.246041719024881,0,0,0.15000975098424,0,1,0,0,0,1,0,0,1
"0",0.233475747675295,0,0,0.120299720878076,0,1,0,0,0,1,0,0,1
"0",0.346569489821563,0,0,0.120299720878076,0,1,0,0,0,1,0,0,1
"1",0.698416687609952,0,0.166666666666667,1,1,0,0,1,0,0,1,0,0
"1",0.308871575772807,0,0.166666666666667,0.396133734748851,1,0,0,0,0,1,0,1,0
"0",0.40939934656949,0,0,0.120299720878076,0,1,0,0,0,1,0,0,1
"0",0.271173661724051,0,0,0.160231524932048,1,0,0,0,0,1,0,0,1
"0",0.346569489821563,0,0,0.159977085187036,0,1,0,0,0,1,0,1,0
"0",0.308871575772807,0,0,0.107413185768439,0,1,0,0,0,1,0,0,1
"0",0.484795174667002,0,0.833333333333333,0.443745962483088,1,0,0,0,1,0,0,0,1
"0",0.334003518471978,0,0,0.198066867374426,0,1,0,0,0,1,0,1,0
"1",0.233475747675295,0,0,0.457077386248674,1,0,0,0,0,1,1,0,0
"0",0.346569489821563,0.125,0.333333333333333,0.357282156917714,1,0,0,0,0,1,0,0,1
"1",0.321437547122393,0,0,0.457077386248674,0,1,0,1,0,0,1,0,0
"0",0.396833375219904,0,0,0.118078324780908,0,1,0,0,1,0,0,0,1
